{"cameraMode":{"drawMode":0,"name":"Shaded","section":"Shading Mode"},"sceneLighting":true,"audioPlay":false,"sceneViewState":{"m_AlwaysRefresh":false,"showFog":true,"showSkybox":true,"showFlares":true,"showImageEffects":true,"showParticleSystems":true,"showVisualEffectGraphs":true,"m_FxEnabled":false},"in2DMode":false,"pivot":{"x":-0.8493536710739136,"y":-6.0233612060546879,"z":4.83570671081543},"rotation":{"x":0.33216121792793276,"y":-0.04525122418999672,"z":0.015956198796629907,"w":0.942001461982727},"size":15.146334648132325,"orthographic":false}